author;link;relevant;how;requirements;ind;hier;similarity;skillclass;identified skillclass;skill;identified skill;primitive;identified primitive;parametrizedskill;identified parametrizedskill;task;identified task;request;identified request;process;identified process;arch;impl;param;paramtype;bibtex
Music (2017);https://www.sciencedirect.com/science/article/abs/pii/S1367578817301153;Y;scopus1;-;-;X;STD;-;-;Subtask;-;Low-level controllers;-;Subtask;-;Task;-;Goal;-;-;-;-;-;-;-;music2017control
-;-;N;scopus1;-;-;-;-;-;-;-;-;-;-;-;-;-;-;-;-;-;-;-;-;-;-;-
-;-;N;scopus1;-;-;-;-;-;-;-;-;-;-;-;-;-;-;-;-;-;-;-;-;-;-;-
-;-;N;scopus1;-;-;-;-;-;-;-;-;-;-;-;-;-;-;-;-;-;-;-;-;-;-;-
-;-;N;scopus1;-;-;-;-;-;-;-;-;-;-;-;-;-;-;-;-;-;-;-;-;-;-;-
-;-;N;scopus1;-;-;-;-;-;-;-;-;-;-;-;-;-;-;-;-;-;-;-;-;-;-;-
-;-;N;scopus1;-;-;-;-;-;-;-;-;-;-;-;-;-;-;-;-;-;-;-;-;-;-;-
-;-;N;scopus1;-;-;-;-;-;-;-;-;-;-;-;-;-;-;-;-;-;-;-;-;-;-;-
-;-;N;scopus1;-;-;-;-;-;-;-;-;-;-;-;-;-;-;-;-;-;-;-;-;-;-;-
-;-;N;scopus1;-;-;-;-;-;-;-;-;-;-;-;-;-;-;-;-;-;-;-;-;-;-;-
Pfrommer (2013);https://ieeexplore.ieee.org/document/6648114;Y;rsch;-;X;X;STD;-;-;Skill;-;-;-;Task;-;Task;-;-;-;Processes;cutting, bending, movement;X;-;-;-;pfrommer2013pprs
Backhaus (2017);https://link.springer.com/article/10.1007/s10845-015-1063-3;Y;rsch;6, 8;X;X;STD;Basic processes;Skills in assembly systems;Skill;move, connect, compare, store, change;Commands, Simple skill;transport, turn, open move, guided move, guided move linear, guided move circular, guided move spline, soldering, soldering with fluid, soldering with gas, soldering with emission, soldering with electrical gas discharge, welding, pressure welding, screwing, bonding, compare presence, compare identity, compare from, compare position, compare weight, compare colour, compare orientation, store;-;-;Task model;-;-;-;Processes;-;X;AutomationML, PLCOpen;input values, return values;MACH;backhaus2017digital
Backhaus (2015);https://www.sciencedirect.com/science/article/pii/S2212827115007167;Y;rsch;-;X;X;-;-;-;-;-;-;-;Process Sequence, Skill Sequence;-;Task;-;-;-;-;-;X;AutomationML, SFC;-;-;backhaus2015adaptive
Pedersen (2016);https://www.sciencedirect.com/science/article/abs/pii/S0736584515000575 ;Y;rsch;7,8,9,10;X;X;STD;Skills;logistic, assistive, service, calibration;Skill;pick, place on, haptic calibration, visual highprecision calibration, visual highspeed calibration, visual calibration;Device primitives;move, move relative, close gripper, open gripper, search;-;-;Task;transportation, part feeding, machine tending, assembly, inspection, process, maintenance, repair, cleaning, haptic calibration, visual calibration;-;-;-;-;-;ROS;robot speed, force profile, compliance;-;pedersen2016robot
Andersen (2014);https://ieeexplore.ieee.org/abstract/document/6840115;Y;rsch;7, 8;X;X;STD;-;-;Skill;locate object, pick and place;Primitive;-;-;-;Task;simple picking, placement in fixture, simple assembly, machine feeding;-;-;Actions;-;X;-;object, object pose estimation, place pose;HUM/MACH;andersen2014definition
Fechter (2018);https://www.sciencedirect.com/science/article/pii/S221282711830338X;Y;rsch;8;X;-;STD;-;-;Skill;separation, handling, positioning, joining, special operation;-;-;-;-;-;-;-;-;-;-;-;AutomationML, SPARQL;-;-;fechter2018integrated
Schleipen (2014);http://publica.fraunhofer.de/eprints/urn_nbn_de_0011-n-3158769.pdf;Y;rsch;7;X;X;-;-;-;Skill;cooled Drilling, countersink Drilling;-;-; skill;-; task;-;-;-;Process;manufacturing, logistics;X;AutomationML, OPC UA;height, shape;MACH;schleipen2014automationml
Stenmark(2015a);https://www.sciencedirect.com/science/article/abs/pii/S073658451400060X;Y;rsch;7, 8, 11;X;-;STD;Main Function;displacement, manufacturing Function, manipulation And Handling Function, optic Function, lightung Function, sensor Function, processing;Skill;move, modify amount, store, secure;Parametrized motion, primitive skill;linearMove, pass, convert, rotate, velocity, orient, feed, destination, arrange, displace, position;-;-;-;-;-;-;Production process;manipulation, handling;X;SFC, PLCOpen, Statecharts, rFSMs, IML, XML;parameter, thing, software, device;-;stenmark2015knowledge
Zimmermann (2019);https://ieeexplore.ieee.org/abstract/document/8869473;Y;rsch;6, 8, 9;X;-;-;-;-;Composed Skill;mount, move To Pick, move To Press, move To Wait, pick, press In, station Init;BasicSkill;homing, move Absolute, move To Record Position, drive Enable, release, grip;Skill instance;homing, move Absolute, move To Record Position, drive Enable, release, grip;-;-;-;-;-;-;X;OPC UA, PLCOpen, IEC 61131-3, C++;-;-;zimmermann2019skill
Weser (2009);https://ieeexplore.ieee.org/document/5353901;Y;rsch;-;-;X;AUT;Actions;focus on action, focus on perception;Skill;dock on, pick, place, path planning, follow, open use, detect and track;Action, Behavior;color based detection;-;-;-;-;Goal;-;Plan;-;X;PDDL;-;-;zhang2009autonomous
Haracuba (2015);https://ieeexplore.ieee.org/document/7301482;Y;rsch;-;X;X;STD;Skill type with level;-;-;-;-;-;-;-;Job;-;Goal;-;Process;-;-;-;-;-;harcuba2015ontologies
Hildebrandt (2017);https://ieeexplore.ieee.org/document/8247585;Y;rsch;8;X;X;STD;-;-;program organization unit;-;Functional unit;-;-;-;System behavior;-;-;-;Function/Process;-;X;Automation ML, OWL, PLCOpen;data element, parameter, state, property;MACH;hildebrandt2017semantic
Kattepur (2018);https://ieeexplore.ieee.org/document/8592800 ;Y;rsch;-;-;X;STD;Actions;movement plan, grasp plan, perception;Action;Pick and place, path planning, lifting, grasping, object recognition;Actionable subgoal;open gripper, grab, pick, move;-;-;Task description;-;Goal;-;-;-;X;RoboDK, ORC;goal, target, world, robot;MACH;kattepur2018knowledge
Sahinel (2021);https://www.sciencedirect.com/science/article/abs/pii/S0278612521000571;N;scopus2;-;-;-;AUT;-;-;Skill;-;-;-;-;-;Task;-;-;-;-;-;-;MQTT, Websockets, OWL;-;HUM;csahinel2021human
Ramasubramanian (2020);https://www.sciencedirect.com/science/article/pii/S2212827120314487;N;scopus2;-;-;-;-;-;-;-;-;-;-;-;-;-;-;-;-;-;-;-;-;-;-;ramasubramanian2021using
Barbosa (2019);https://link.springer.com/article/10.1007/s40430-019-1679-x;Y;scopus2;-;-;-;-;-;-;-;-;-;-;-;-;Task, work process;-;-;-;Process;-;-;-;-;-;barbosa2019knowledge
Hasnan (2018);https://ieeexplore.ieee.org/document/8711184;N;scopus2;-;-;-;-;-;-;-;-;-;-;-;-;-;-;-;-;-;-;-;-;-;-;hasnan2018short
Ersen (2017);https://ieeexplore.ieee.org/document/7894169;Y;scopus2/sur;-;-;X;AUT;-;planning, acting, adaptation, perception, reasoning, learning;Skill;-;Action;-;-;-;Task;-;Goal;-;-;-;-;-;-;-;ersen2017cognition
Cencen (2015);https://www.springerprofessional.de/en/characterizing-the-state-of-the-art-of-human-robot-coproduction/6870890;N;scopus2;-;-;-;-;-;-;-;-;-;-;-;-;-;-;-;-;-;-;-;-;-;-;cencen2015characterizing
Baldassarre (2013);https://www.springer.com/de/book/9783642398742;N;scopus2;-;-;-;-;-;-;-;-;-;-;-;-;-;-;-;-;-;-;-;-;-;-;baldassarre2013computational
Krushinitskiy (2013);https://ieeexplore.ieee.org/document/6719187;N;scopus2;-;-;-;-;-;-;-;-;-;-;-;-;-;-;-;-;-;-;-;-;-;-;krushinitskiy2013review
Chen (2009);https://www.emerald.com/insight/content/doi/10.1108/01439910910924666/full/html;N;scopus2;-;-;-;-;-;-;-;-;-;-;-;-;-;-;-;-;-;-;-;-;-;-;chen2009review
Rangraz (2021);https://www.tandfonline.com/doi/full/10.1080/02601370.2020.1867249;N;scopus4;-;-;-;-;-;-;-;-;-;-;-;-;-;-;-;-;-;-;-;-;-;-;rangraz2021workplace
Isnaini (2019);https://aip.scitation.org/doi/pdf/10.1063/1.5139776;N;scopus4;-;-;X;AUT;-;computational thinking;-;abstraction, algorithm, decomposition, generalization, analysis logic, evaluation;-;-;-;-;-;-;-;-;-;-;-;-;-;-;isnaini2019robotics
Huckaby (2012);http://www.jakehuckaby.com/papers/aaai2012ws_cogrob.pdf;Y;scopus4;-;X;X;STD;assembly action;-;skill;fasten, coordinate, mobility, perception,detect, align, pickup, insert, slide, retract, transport, place, tool action, drill, hold, screw, glue, rivet, before, after, sync;skill primitive;detect, align, pickup, insert, slide, retract, transport, place, tool action, drill, hold, screw, glue, rivet, before, after, sync;-;-;-;-;-;-;-;-;-;UML sequence diagram;force, action recongition, torque, pose, object description, object recogntion;HUM/MACH;huckaby2012taxonomic
SIARAS (2008) ;https://cordis.europa.eu/docs/results/17/17146/121979181-6_en.pdf;N;rsch;-;-;-;-;-;-;-;-;-;-;-;-;-;-;-;-;-;-;-;-;-;-;-
Aertbelien (2014);https://lirias.kuleuven.be/retrieve/275426;N;rsch;-;-;-;-;-;-;-;-;-;-;-;-;task;-;-;-;specification;-;-;orocos, ros;joint variables, time variable, feature variable, expression graph, constraint;MACH;aertbelien2014etasl
Pane (2020);https://ieeexplore.ieee.org/abstract/document/9340985;Y;rsch/sur;6, 7;X;-;STD;skill classification;controllable progress, uncontrollable progress, non-progressing skills;skill;cartesian motion, force based insertion, collision avoidance, admittance motion, move guarded, actuate gripper;-;-;-;-;Task;-;Goal;-;-;-;-;eTaSL;constraint, monitor;HUM;pane2020skill
Thomas (2013);https://arxiv.org/ftp/arxiv/papers/1409/1409.6601.pdf;Y;pane;7;X;X;STD;-;-;skill;grasping object, transfering to plug pose, pull, push, screwing;elemental actions;spinning, open gripper, spinning back, close gripper;-;-;Task;grasping and plugging, grasping and screwing;-;-;-;-;-;UML/P, MontiCore, Eclipse;task frame, goal frame, stiffness values, stop condition;MACH;thomas2013new
Stenmark (2016);https://www.google.com/url?sa=t&rct=j&q=&esrc=s&source=web&cd=&ved=2ahUKEwjWhoK3_OnyAhU7AGMBHQ9gCL4QFnoECAkQAQ&url=https%3A%2F%2Fwww.aaai.org%2Focs%2Findex.php%2FFSS%2FFSS16%2Fpaper%2Fdownload%2F14091%2F13669&usg=AOvVaw3U3cjpPK_KJQGKlvKVW4--;Y;pane;7;X;X;STD;-;-;skill;pick, place, insert;primitive;free motion, contact motion, gripper action, locating action;-;-;task, sequence;-;goal;-;-;-;-;-;-;HUM;stenmark2016demonstrations
Nagele (2018);https://ieeexplore.ieee.org/document/8462885;Y;pane;-;X;X;STD;-;cartesian skills;skill;cartesian tracking, pick, guarded approach, guarded slide, pivot, retreat, screw, push, turn screw driver, force, cartesian tracking, velocity feed forward, ptp motion, lin motion, idle duration, joint space tracking, cartesian, cylindrical, spherical, force, snap on rail, assembly sequence;script;set output, unset output, check input;-;-;task;-;-;-;-;assembly;-;iTaSC;joint, tool, taget, height, azimuth, radius, roll, pitch, yaw, inclination, axes, velocities, offsets, coordinates, error, duration, target joint state, threshold;MACH;nagele2018prototype
Krueger (2010);https://link.springer.com/chapter/10.1007/978-3-642-16785-0_17;Y;thomas;-;-;-;-;-;-;-;-;-;-;-;-;-;-;-;-;-;-;-;-;-;-;kroger2010manipulation
Zander (2016);https://arxiv.org/pdf/1601.03998.pdf;Y;rsch;-;-;-;-;-;-;-;-;-;-;-;-;-;-;-;-;-;-;-;-;-;-;zander2016model
Pane (2021);https://ieeexplore.ieee.org/document/9473021;N;scopus3-2021;-;X;-;-;-;-;-;-;-;-;-;-;-;-;-;-;-;-;-;eTaSL;-;-;pane2021autonomous
Zhang (2021);https://en.x-mol.com/paper/article/1376422278703067136;N;scopus3-2021;-;-;-;-;-;-;-;-;-;-;-;-;-;-;-;-;-;-;-;-;-;-;zhang2021obstacle
He (2021);https://ieeexplore.ieee.org/document/9476632;N;scopus3-2021;-;-;-;-;-;-;-;-;-;-;-;-;-;-;-;-;-;-;-;-;-;-;he2021research
Ji (2021);https://ieeexplore.ieee.org/document/9383829;Y;scopus3-2021;11;X;-;STD;-;-;skill;grasping set , inserting set , grasping, regrasping, inserting;action;approach, reach, pickup, put, flip, plug, screw, release;-;-;task;-;goal;-;-;assembly;-;CNN, XML, PDDL;object pose, object type;MACH;ji2021learning
Pang (2021);https://ieeexplore.ieee.org/document/9515509;N;scopus3-2021;-;-;-;-;-;-;-;-;-;-;-;-;-;-;-;-;-;-;-;-;-;-;pang2021synthesized
Mizanoor Rahman (2021);https://ieeexplore.ieee.org/document/9502881;N;scopus3-2021;-;X;-;-;-;-;-;-;-;-;-;-;-;-;-;-;-;-;-;-;-;-;rahman2021performance
Su (2021);https://ieeexplore.ieee.org/abstract/document/9316273;N;scopus3-2021;-;-;-;AUT;-;-;skill;manipulation;-;-;-;-;-;-;-;-;-;-;-;-;-;-;su2021toward
Wang (2021);https://ieeexplore.ieee.org/abstract/document/8964480;N;scopus3-2021;-;-;-;AUT;-;-;skill;move, clean;-;-;-;-;-;-;-;-;-;table cleaning;-;-;-;-;wang2020framework
Monforte (2021);https://ieeexplore.ieee.org/document/9070189;N;scopus3-2021;-;-;-;-;-;-;-;-;-;-;-;-;-;-;-;-;-;-;-;-;-;-;monforte2020reinforcement
Verner (2021);https://www.mdpi.com/2218-6581/10/1/13;N;scopus3-2021;-;-;-;-;-;-;-;-;-;-;-;-;-;-;-;-;-;-;-;-;-;-;verner2021exploring
Omer (2021);https://ieeexplore.ieee.org/document/9429677;N;scopus3-2021;-;-;-;AUT;-;-;skill;manipulation;-;-;-;-;-;-;-;-;-;-;-;-;-;-;omer2021model
Bi (2021);https://www.sciencedirect.com/science/article/abs/pii/S0736584520302337;N;scopus3-2021;-;-;-;-;-;-;-;-;-;-;-;-;-;-;-;-;-;-;-;-;-;-;bi2021safety
Kumar (2021);https://ieeexplore.ieee.org/document/9474336;N;scopus3-2021;-;-;X;-;-;-;skill;seize, hold, moveByHold;action;grasp, reach, release, push;-;-;-;-;-;-;-;-;-;-;-;-;kumar2021discovering
Martin (2021);https://ieeexplore.ieee.org/document/9469872;N;scopus3-2021;-;-;-;-;-;navigation, manipulation;task;inspection, spraying;action;-;-;-;-;-;-;-;-;-;-;ROS;-;-;martin2021generic
Dong (2021);https://link.springer.com/article/10.1007/s00521-021-06192-3;N;scopus3-2021;-;-;-;-;-;-;-;-;motion primitives;squatting, standing, greeting;-;-;-;-;-;-;-;-;-;-;-;-;dong2021deep
Ali (2021);https://www.cambridge.org/core/journals/robotica/article/abs/lead-through-approach-for-programming-a-welding-arm-robot-using-machine-vision/ED4867EE790AE8D6F527C2CA851D47D3;N;scopus3-2021;-;X;-;-;-;-;-;-;-;-;-;-;-;-;-;-;-;-;-;-;-;-;ali2021lead
Radicchi (2021);https://link.springer.com/chapter/10.1007/978-3-030-74602-5_38;N;scopus3-2021;-;X;-;-;-;perceptual;-;-;-;-;-;-;-;-;-;-;-;-;-;-;-;-;radicchi2021helping
Rodic (2021);https://link.springer.com/chapter/10.1007%2F978-3-030-75259-0_26;N;scopus3-2021;-;X;-;-;-;-;-;manipulation;-;-;-;-;-;-;-;-;-;-;-;-;-;-;rodic2021cloud
Profanter (2019);https://ieeexplore.ieee.org/abstract/document/8869205/;Y;rsch;9;X;X;STD;SkillType;MoveSkillType, StreamSkillType, GripperSkillType;skill;MoveSkill, GripperSkill, PickPlaceSkill, LinearMoveSkill, PtpMoveSkill, PositionSkill;hierarchical skill;-;-;-;task;-;-;-;-;-;-;-;-;-;profanter2019hardware
Calderon (2010);https://ieeexplore.ieee.org/stamp/stamp.jsp?tp=&arnumber=5513180;Y;zech;-;-;X;AUT;-;-;action, complex action;Put In, Pick Up, Push In, Put On, Stack On, Put Close, Push Close, Push Away;atomic actions;Search, Approach, Reach, Grab, Carry;-;-;task;-;-;-;-;-;-;-;-;-;calderon2010teaching
Aein (2013);https://ieeexplore.ieee.org/stamp/stamp.jsp?tp=&arnumber=6697011;Y;zech;-;-;X;AUT;-;-;action;pushing, put on, take down, stirring, poking, pick and place, hiding;primitive action, primitives;ArmMovementPrimitives, HandMovementPrimitives;-;-;Semantic Event Chain;pushing, pick and place;-;-;-;-;-;-;-;-;aein2013toward
Ahad (2010);https://ieeexplore.ieee.org/stamp/stamp.jsp?tp=&arnumber=5543160;N;zech;-;-;-;-;-;-;action;-;-;-;-;-;action sequence;-;-;-;-;-;-;-;-;-;ahad2010action
Hwang (2018);https://ieeexplore.ieee.org/iel7/7274989/7422051/07945519.pdf;Y;zech 2018;-;-;-;AUT;-;-;cognitive skill;left, right, tall, long;-;-;-;-;-;-;-;-;-;-;-;-;-;-;hwang2017seamless
Ji (2018);https://www.sciencedirect.com/science/article/abs/pii/S0165168417302104;Y;zech 2018;-;-;-;AUT;-;-;action;pick up, put down, push, pull, wear, take off, stick, remove, drink, pour, put in, mopping;sub-action;-;-;-;-;-;-;-;-;-;-;-;-;-;ji2018one
Zimmer (2018);https://ieeexplore.ieee.org/stamp/stamp.jsp?arnumber=7879193;Y;zech 2018;-;-;-;AUT;-;-;action;push;primitive action;-;-;-;task, sequence of actions;-;-;-;-;-;-;-;-;-;zimmer2017bootstrapping
Dindo (2017);https://www.sciencedirect.com/science/article/abs/pii/S0921889015301706;N;zech2017;-;-;-;AUT;-;-;action;walk, raise leg, kick, stair ascent, stair descent;-;-;-;-;-;-;-;-;-;-;-;-;-;-;dindo2017hankelet
Hardwick (2017);https://www.biorxiv.org/content/10.1101/198432v1.abstract;N;zech2017;-;-;-;-;-;-;-;-;-;-;-;-;-;-;-;-;-;-;-;-;-;-;hardwick2017neural
Ahmad and Lee (2010);-;N;zech (actions);-;-;-;-;-;-;-;-;-;-;-;-;-;-;-;-;-;-;-;-;-;-;-
Ahmadzadeh (2015);https://ieeexplore.ieee.org/stamp/stamp.jsp?tp=&arnumber=7139728;Y;zech (actions);-;-;-;AUT;-;-;action;push, pull;primitive action;-;-;-;-;-;-;-;-;-;-;-;-;-;ahmadzadeh2015learning
Aksoy (2016b);-;N;zech (actions);-;-;-;-;-;-;-;-;-;-;-;-;-;-;-;-;-;-;-;-;-;-;-
Aksoy (2013);-;N;zech (actions);-;-;-;-;-;-;-;-;-;-;-;-;-;-;-;-;-;-;-;-;-;-;-
Aksoy (2016a);-;N;zech (actions);-;-;-;-;-;-;-;-;-;-;-;-;-;-;-;-;-;-;-;-;-;-;-
Altahan (2015);-;N;zech (actions);-;-;-;-;-;-;-;-;-;-;-;-;-;-;-;-;-;-;-;-;-;-;-
Andry et al (2004);-;N;zech (actions);-;-;-;-;-;-;-;-;-;-;-;-;-;-;-;-;-;-;-;-;-;-;-
Asfour (2008);-;N;zech (actions);-;-;-;-;-;-;-;reaching, grasping, placing;-;-;-;-;-;-;-;-;-;-;-;-;-;-;-
Babic (2011);-;N;zech (actions);-;-;-;-;-;-;-;-;-;-;-;-;-;-;-;-;-;-;-;-;-;-;-
Bartels ( 2013);-;N;zech (actions);-;-;-;-;-;-;-;-;-;-;-;-;-;-;-;-;-;-;-;-;-;-;-
Bessiere (1994);-;N;zech (actions);-;-;-;-;-;-;-;-;-;-;-;-;-;-;-;-;-;-;-;-;-;-;-
Bhat and Mohan (2015);-;N;zech (actions);-;-;-;-;-;-;-;-;-;-;-;-;-;-;-;-;-;-;-;-;-;-;-
Buonamente (2013);-;N;zech (actions);-;-;-;-;-;-;-;-;-;-;-;-;-;-;-;-;-;-;-;-;-;-;-
Cantrell (2011);-;N;zech (actions);-;-;-;-;-;-;-;-;-;-;-;-;-;-;-;-;-;-;-;-;-;-;-
Chaaraoui (2012);-;N;zech (actions);-;-;-;-;-;-;-;-;-;-;-;-;-;-;-;-;-;-;-;-;-;-;-
Chella (2000);-;N;zech (actions);-;-;-;-;-;-;-;-;-;-;-;-;-;-;-;-;-;-;-;-;-;-;-
Chen (2014);-;N;zech (actions);-;-;-;-;-;-;-;-;-;-;-;-;-;-;-;-;-;-;-;-;-;-;-
Chuang (2012);-;N;zech (actions);-;-;-;-;-;-;-;-;-;-;-;-;-;-;-;-;-;-;-;-;-;-;-
Classen (2011);-;N;zech (actions);-;-;-;-;-;-;-;-;-;-;-;-;-;-;-;-;-;-;-;-;-;-;-
Dindo and Chella (2013);-;N;zech (actions);-;-;-;-;-;-;-;-;-;-;-;-;-;-;-;-;-;-;-;-;-;-;-
Dindo (2017);-;N;zech (actions);-;-;-;-;-;-;-;-;-;-;-;-;-;-;-;-;-;-;-;-;-;-;-
Do (2014);-;Y;zech (actions);-;-;-;-;-;-;-;wiping;-;-;-;-;-;-;-;-;-;-;-;-;-;-;-
Donarumma (2015);-;N;zech (actions);-;-;-;-;-;-;-;-;-;-;-;-;-;-;-;-;-;-;-;-;-;-;-
Droniou (2014);-;N;zech (actions);-;-;-;-;-;-;-;-;-;-;-;-;-;-;-;-;-;-;-;-;-;-;-
Endres (2015);-;N;zech (actions);-;-;-;-;-;-;-;-;-;-;-;-;-;-;-;-;-;-;-;-;-;-;-
Englert (2013);-;N;zech (actions);-;-;-;-;-;-;-;-;-;-;-;-;-;-;-;-;-;-;-;-;-;-;-
Farhadi (2008);-;N;zech (actions);-;-;-;-;-;-;-;-;-;-;-;-;-;-;-;-;-;-;-;-;-;-;-
Fihl (2006);-;N;zech (actions);-;-;-;-;-;-;-;-;-;-;-;-;-;-;-;-;-;-;-;-;-;-;-
Grave (2012);https://ieeexplore.ieee.org/stamp/stamp.jsp?arnumber=6386116;N;zech (actions);-;-;-;-;-;-;-;grasp, move, retract, push;-;-;-;-;-;-;-;-;-;-;-;-;-;-;grave2012incremental
Grinke (2015);-;N;zech (actions);-;-;-;-;-;-;-;-;-;-;-;-;-;-;-;-;-;-;-;-;-;-;-
Gritai (2009);-;N;zech (actions);-;-;-;-;-;-;-;-;-;-;-;-;-;-;-;-;-;-;-;-;-;-;-
Guha (2013);-;N;zech (actions);-;-;-;-;-;-;-;-;-;-;-;-;-;-;-;-;-;-;-;-;-;-;-
Nakawala (2018);https://ieeexplore.ieee.org/abstract/document/8594256;N;rsch/sur;-;-;-;-;-;-;-;-;-;-;-;-;-;-;-;-;-;-;-;-;-;-;nakawala2018approaches
Akkaladevi(2019);https://link.springer.com/article/10.1007%2Fs00502-019-00741-4;Y;scoups3-2019;7,8;X;-;-;-;-;skill macro;-;-;-; ;-;-;-;-;-;-;-;X;ROS,XRob Framework;start-position,end-position,offset,force torque;MACH/HUM;akkaladevi2019skill
Steinmetz(2019);https://ieeexplore.ieee.org/document/8763979;Y;scoups3-2019;8;-;-;-;-;-;skill;Pick,Place,Stack,Peg-in-hole,Push, Hand-over;-;-;-;-;task;stacking,peg-in-hole,push button;-;-;-;-;X;Razer,RAFCON;PDDL Definition;MACH;steinmetz2019intuitive
Lindorfer(2019);https://ieeexplore.ieee.org/document/8972318;Y;scoups3-2019;7,8;-;-;-;-;-;skill;grip,release ;-;-;-;-;task;Pick&Place;-;-;-;-;-;ROS,SkiROS,OPC UA  ;-;-;lindorfer2019towards
Krueger(2019);https://www.sciencedirect.com/science/article/abs/pii/S0736584517304465;Y;scoups3-2019;7,8,9;X;X;-;-;-;skill;drive,place,pick;skill primitives;locate,arm_motion,registration,gripper open close,fast forward planner;-;-;task;kitting task;-;-;process;kitting process;-;-;-;-;krueger2019testing
Scherzinger(2019);https://ieeexplore.ieee.org/document/8967523/authors#authors;Y;scoups3-2019;7,8;-;-;-;-;-;Object-relative contact skills;tilting, jamming;-;-;-;-;task;-;-;-;-;-;-;ROS,LSTM;-;-;scherzinger2019contact
Johannsmeier(2019);https://ieeexplore.ieee.org/stamp/stamp.jsp?tp=&arnumber=8793542;Y;scoups3-2019;7;-;-;-;-;-;skill,strategy;manipulation skill;primitive,transition;manipulation primitive, edge transition;-;-;-;-;-;-;-;-;X;novel graph-based skill formalism;X;MACH;johannsmeier2019framework
Naegele(2019);https://ieeexplore.ieee.org/stamp/stamp.jsp?tp=&arnumber=8675644;Y;scoups3-2019;8,9;-;X;-;-;-;-;-;sub-element;-;-;-;-;-;-;-;-;-;-;iTaSC;cartisian_chain;HUM/MACH;nagele2019composition
Angleraud(2019);https://www.degruyter.com/document/doi/10.1515/pjbr-2019-0025/html;Y;scoups3-2019;7,8;X;-;-;-;-;skill;Pouring Get,Place;-;-;-;-;task;pick and place;-;-;-;-;X;Web app,natural language conversation;-;-;angleraud2019teaching
AI-Yacoub(2019);https://www.frontiersin.org/articles/10.3389/frobt.2019.00099/full;N;scoups3-2019;-;-;-;-;-;-;-;-;-;-;-;-;-;-;-;-;-;-;-;-;-;-;al2019symbolic
Pohlt(2019);https://ieeexplore.ieee.org/document/8913873;N;scoups3-2019;-;-;-;-;-;-;-;-;-;-;-;-;-;-;-;-;-;-;-;-;-;-;pohlt2019human
Ochoa(2019);https://ieeexplore.ieee.org/document/8927071;N;scoups3-2019;-;-;-;-;-;-;-;polishing;-;-;-;-;-;-;-;-;-;-;-;-;-;-;ochoa2019control
Jaensch(2019);https://ieeexplore.ieee.org/document/9027783;N;scoups3-2019;-;-;-;-;-;-;-;-;-;-;-;-;-;-;-;-;-;-;-;-;-;-;jaensch2019reinforcement
Zhen(2019);https://ieeexplore.ieee.org/document/8869301;N;scoups3-2019;-;-;-;-;-;-;-;-;-;-;-;-;-;-;-;-;-;-;-;-;-;-;zhen2019adaptive
Malik(2019);https://www.emerald.com/insight/content/doi/10.1108/IR-11-2018-0231/full/html;N;scoups3-2019;-;-;-;-;-;-;-;-;-;-;-;-;-;-;-;-;-;-;-;-;-;-;malik2019complexity
Zhao(2019);https://ieeexplore.ieee.org/document/8931947;N;scoups3-2019;-;-;-;-;-;-;-;-;-;-;-;-;-;-;-;-;-;-;-;-;-;-;zhao2019robot
Cao(2019);https://ieeexplore.ieee.org/document/8931930;N;scoups3-2019;-;-;-;-;-;-;-;-;-;-;-;-;-;-;-;-;-;-;-;-;-;-;cao2019robot
Lazaro(2019);https://ieeexplore.ieee.org/document/8972238;N;scoups3-2019;-;-;-;-;-;-;-;-;-;-;-;-;-;-;-;-;-;-;-;-;-;-;lazaro2019approach
Yuan(2019);https://ieeexplore.ieee.org/document/8868401;N;scoups3-2019;-;-;-;-;-;-;-;-;-;-;-;-;-;-;-;-;-;-;-;-;-;-;yuan2019mirrored
Liu(2019);https://www.emerald.com/insight/content/doi/10.1108/IR-09-2018-0189/full/html;N;scoups3-2019;-;-;-;-;-;-;-;-;-;-;-;-;-;-;-;-;-;-;-;-;-;-;liu2019human
Gill(2019);https://saemobilus.sae.org/content/2019-01-0505/;N;scoups3-2019;-;-;-;-;-;-;-;-;-;-;-;-;-;-;-;-;-;-;-;-;-;-;gill2019evaluation
Luo(2019);https://www.worldscientific.com/doi/abs/10.1142/S0219843619500099;N;scoups3-2019;-;-;-;-;-;-;-;-;-;-;-;-;-;-;-;-;-;-;-;-;-;-;luo2019task
Perico(2019);https://ieeexplore.ieee.org/document/8637010;N;scoups3-2019;-;-;-;-;-;-;-;-;-;-;-;-;-;-;-;-;-;-;-;-;-;-;perico2019combining
Gomes(2019);https://link.springer.com/article/10.1007%2Fs11047-016-9582-1;N;scoups3-2019;-;-;-;-;-;-;-;-;-;-;-;-;-;-;-;-;-;-;-;-;-;-;gomes2019challenges
De Almeida(2019);https://www.sciencedirect.com/science/article/abs/pii/S0921889018303567?via%3Dihub;N;scoups3-2019;-;-;-;-;-;-;-;-;-;-;-;-;-;-;-;-;-;-;-;-;-;-;de2019bio
Malik(2019);https://www.sciencedirect.com/science/article/pii/S2351978920302158?via%3Dihub;N;scoups3-2019;-;-;-;-;-;-;-;-;-;-;-;-;-;-;-;-;-;-;-;-;-;-;malik2019advances
Hsieh S(2019);-;N;scoups3-2019;-;-;-;-;-;-;-;-;-;-;-;-;-;-;-;-;-;-;-;-;-;-;-
Liang2019);http://www.iaarc.org/publications/2019_proceedings_of_the_36th_isarc/teaching_robots_to_perform_construction_tasks_via_learning_from_demonstration.html;N;scoups3-2019;-;-;-;-;-;-;-;-;-;-;-;-;-;-;-;-;-;-;-;-;-;-;liang2019teaching
Dianatfar(2019);https://www.sciencedirect.com/science/article/pii/S2212827119303336?via%3Dihub;N;scoups3-2019;-;-;-;-;-;-;-;-;-;-;-;-;-;-;-;-;-;-;-;-;-;-;dianatfar2019task
Bilberg(2019) ;https://www.sciencedirect.com/science/article/abs/pii/S000785061930037X?via%3Dihub;N;scoups3-2019;-;-;-;-;-;-;-;-;-;-;-;-;-;-;-;-;-;-;-;-;-;-;bilberg2019digital
Cini(2019);https://www.science.org/doi/10.1126/scirobotics.aau9757;N;scoups3-2019;-;-;-;-;-;-;-;-;-;-;-;-;-;-;-;-;-;-;-;-;-;-;cini2019choice
Changizi(2019);https://link.springer.com/chapter/10.1007%2F978-3-030-02053-8_79;N;scoups3-2019;-;-;-;-;-;-;-;-;-;-;-;-;-;-;-;-;-;-;-;-;-;-;changizi2018comfort
Rozo(2020);https://ieeexplore.ieee.org/stamp/stamp.jsp?tp=&arnumber=9341570;Y;scoups3-2020;7,8,10;-;-;-;-;-;skill;grasp,re-orient,translate,attach, drop, pick, insert;-;-;-;-;Skills Sequence;-;-;-;process;assembly;X;C++.Python.ROS;-;HUM;rozo2020learning
Willibald(2020);https://ieeexplore.ieee.org/document/9341212;Y;scoups3-2020;7,9,11;-;X;STD;-;-;skill;pick,place;-;-;-;-;task;Reorientation, Contact-Based Sorting;-;-;-;-;-;-;-;-;willibald2020collaborative
Hyonyoung(2020);https://ieeexplore.ieee.org/stamp/stamp.jsp?tp=&arnumber=9289373;Y;scoups3-2020;-;-;X;AUT;-;-;unit action;move, gripOn,gripOff;-;-;-;-;task motion receipe;Pick-and-Place,Peg-in-Hole;-;-;-;-;-;-;X;HUM;hyonyoung2020development
Wang(2020);https://ieeexplore.ieee.org/stamp/stamp.jsp?tp=&arnumber=9283066;Y;scoups3-2020;-;-;-;STD;-;-;-;-;primitive;movement primitives;-;-;assembly;-;-;-;-;-;-;-;X;HUM/MACH;wang2020enhancing
Heuss(2020);https://ieeexplore.ieee.org/document/9212005;Y;scoups3-2020;7,8;-;X;STD;-;-;skill;Pick&place, Unsecure, Move,Measure pose;-;-;-;-;-;-;-;-;-;-;X;ROS;-;-;heuss2020integration
Lankin(2020);https://ieeexplore.ieee.org/document/9442192;Y;scoups3-2020;7,8,9,10;-;X;STD;-;-;compund;LoadPaint, ApplyPaint, NavigateToLocation;primitive;LoadPaint, ArmToZero,ApplyPaint, NavigateToLocation;LoadPaint, ApplyPaint, NavigateToLocation;Start, Destination, Robot (NavigateToLocation) / Paint, Tray, Arm, Robot(LoadPaint)/Paint, Wall, Arm, Robot(ApplyPaint);-;-;-;-;-;-;X;SkiRos,ROS,Gazebo;-;-;lankin2020ros
Cai(2020);https://ieeexplore.ieee.org/document/9197174;Y;scoups3-2020;7;-;-;STD;-;-;skill;grasp,place,move,pull,pour;-;-;-;geometric constraints and robot and environment constraints;task, skill sequence;-;-;-;-;-;-;-;X;HUM/MACH;cai2020inferring
Cho(2020);https://www.mdpi.com/2076-3417/10/8/2719;Y;scoups3-2020;7,8;-;-;STD;-;-;skill;Hole search, peg insertion;-;-;motor skill;-;task;Peg-in-Hole;-;-;-;-;X;Python;HMM,DMP, threshold model;HUM/MACH;cho2020learning
Sorensen(2020);https://ieeexplore.ieee.org/document/9212072;Y;scoups3-2020;7,8;-;-;STD;-;-;SkillBlock;Move, Move Screw, Start Force, Start Screwdriver;SkillBlock;-;-;-;-;-;-;-;-;-;-;-;-;-;sorensen2020towards
Volkmann(2020);https://www.sciencedirect.com/science/article/pii/S2351978920319144?via%3Dihub;Y;scoups3-2020;7,8,9;-;X;STD;-;-;composite skill;drilling hole, milling pocket;atomic skill;move linear, start tool, tool off, move circular;drilling skill;Position of starting point/center of hole (X, Y, Z),Direction vector of the hole, Diameter, Depth, Angle of blind hole (depth of blind hole has to be added,the default value of 118?is used);task;manufacturing part;-;-;-;-;-;Fusion 360 CAD, C++, Python;X;HUM/MACH;volkmann2020cad
Krae(2020);https://www.sciencedirect.com/science/article/pii/S2212827120306089?via%3Dihub;Y;scoups3-2020;7;-;X;-;-;-;skill;Navigate, Transport , Detect, Secure, Interact;resource;-;-;-;-;-;-;-;-;-;-;-;-;-;kra2020production
Bolano(2020);https://ieeexplore.ieee.org/stamp/stamp.jsp?tp=&arnumber=9144806;Y;scoups3-2020;7,8;-;-;-;-;-;-;-;-;trajectory, closing gripper, opening gripper;-;-;task;picking and placing;-;-;-;-;-;ROS, FlexBE;-;-;bolano2020virtual
Ding(2020);https://www.mdpi.com/1424-8220/20/19/5505;N;scoups3-2020;-;-;-;-;-;-;-;-;-;-;-;-;-;-;-;-;-;-;-;-;-;-;ding2020task
de Alemida(2020);https://link.springer.com/article/10.1007%2Fs40313-020-00629-1;N;scoups3-2020;-;-;-;-;-;-;-;-;-;-;-;-;-;-;-;-;-;-;-;-;-;-;de2020autonomous
de Alemida(2020);https://link.springer.com/article/10.1007%2Fs10846-020-01196-y;N;scoups3-2020;-;-;-;-;-;-;-;-;-;-;-;-;-;-;-;-;-;-;-;-;-;-;de2020global
Hu(2020);https://ieeexplore.ieee.org/document/9303282;N;scoups3-2020;-;-;-;-;-;-;-;-;-;-;-;-;-;-;-;-;-;-;-;-;-;-;hu2020robot
Chang(2020a);https://www.mdpi.com/2075-1702/8/3/46/htm;N;scoups3-2020;-;-;-;-;-;-;-;-;-;-;-;-;-;-;-;-;-;-;-;-;-;-;chang2020model
Chang(2020b);https://ieeexplore.ieee.org/document/9159044;N;scoups3-2020;-;-;-;-;-;-;-;-;-;-;-;-;-;-;-;-;-;-;-;-;-;-;chang2020modelvisual
Tunstel(2020);https://ieeexplore.ieee.org/document/9158905;N;scoups3-2020;-;-;-;-;-;-;-;-;-;-;-;-;-;-;-;-;-;-;-;-;-;-;tunstel2020robotic
Weng(2020);https://www.worldscientific.com/doi/epdf/10.1142/S2301385020500144;N;scoups3-2020;-;-;-;-;-;-;-;-;-;-;-;-;-;-;-;-;-;-;-;-;-;-;weng2020applications
Talli(2020);https://iopscience.iop.org/article/10.1088/1757-899X/872/1/012040;N;scoups3-2020;-;-;-;-;-;-;-;-;-;-;-;-;-;-;-;-;-;-;-;-;-;-;talli2020design
Evangelista(2020);https://ieeexplore.ieee.org/document/9138179;N;scoups3-2020;-;-;-;-;-;-;-;-;-;-;-;-;-;-;-;-;-;-;-;-;-;-;evangelista2020spirit
Phan(2020);https://www.mdpi.com/1424-8220/20/11/3260;N;scoups3-2020;-;-;-;-;-;-;-;-;-;-;-;-;-;-;-;-;-;-;-;-;-;-;phan2020estimating
Zhao(2020);https://link.springer.com/article/10.1007%2Fs41315-020-00138-z;N;scoups3-2020;-;-;-;-;-;-;-;-;-;-;-;-;-;-;-;-;-;-;-;-;-;-;zhao2020model
Leporini(2020);https://ieeexplore.ieee.org/document/9078032;N;scoups3-2020;-;-;-;-;-;-;-;-;-;-;-;-;-;-;-;-;-;-;-;-;-;-;leporini2020technical
Sirintuna(2020);https://ieeexplore.ieee.org/document/9197288;N;scoups3-2020;-;-;-;-;-;-;-;-;-;-;-;-;-;-;-;-;-;-;-;-;-;-;sirintuna2020variable
Gervasi(2020);https://link.springer.com/article/10.1007%2Fs00170-020-05363-1;N;scoups3-2020;-;-;-;-;-;-;-;-;-;-;-;-;-;-;-;-;-;-;-;-;-;-;gervasi2020conceptual
Montalvo(2020);https://pure.ups.edu.ec/en/publications/tele-operation-system-for-mobile-robots-using-in-oil-amp-gas-indu;N;scoups3-2020;-;-;-;-;-;-;-;-;-;-;-;-;-;-;-;-;-;-;-;-;-;-;montalvo2020sistema
Weng(2020);https://ieeexplore.ieee.org/document/8669950;N;scoups3-2020;-;-;-;-;-;-;-;-;-;-;-;-;-;-;-;-;-;-;-;-;-;-;weng2019telemanipulation
Ong(2020);https://www.sciencedirect.com/science/article/abs/pii/S0736584519300250?via%3Dihub;N;scoups3-2020;-;-;-;-;-;-;-;-;-;-;-;-;-;-;-;-;-;-;-;-;-;-;ong2020augmented
Bhalaji(2020);https://www.sciencedirect.com/science/article/pii/S2214785320347891?via%3Dihub;N;scoups3-2020;-;-;-;-;-;-;-;-;-;-;-;-;-;-;-;-;-;-;-;-;-;-;bhalaji2021analyze
Dai(2020);https://ieeexplore.ieee.org/document/9307468;N;scoups3-2020;-;-;-;-;-;-;-;-;-;-;-;-;-;-;-;-;-;-;-;-;-;-;dai2020use
Colim(2020);https://link.springer.com/chapter/10.1007%2F978-3-030-41486-3_41;N;scoups3-2020;-;-;-;-;-;-;-;-;-;-;-;-;-;-;-;-;-;-;-;-;-;-;colim2020human
Akkaladevi(2020);https://www.sciencedirect.com/science/article/pii/S221282712031475X?via%3Dihub;N;scoups3-2020;-;-;-;-;-;-;-;-;-;-;-;-;-;-;-;-;-;-;-;-;-;-;akkaladevi2021semantic
D'Avella(2020);https://www.sciencedirect.com/science/article/pii/S2351978920318801?via%3Dihub;N;scoups3-2020;-;-;-;-;-;-;-;-;-;-;-;-;-;-;-;-;-;-;-;-;-;-;davella2020supervised
Akkaladevi(2020);https://www.sciencedirect.com/science/article/pii/S2351978920318771?via%3Dihub;N;scoups3-2020;-;-;-;-;-;-;-;-;-;-;-;-;-;-;-;-;-;-;-;-;-;-;akkaladevi2020programming
Chigbu(2020);https://www.tandfonline.com/doi/full/10.1080/20421338.2020.1837446;N;scoups3-2020;-;-;-;-;-;-;-;-;-;-;-;-;-;-;-;-;-;-;-;-;-;-;chigbu2020collaborative
Gervasi(2020);https://iris.polito.it/handle/11583/2846568;N;scoups3-2020;-;-;-;-;-;-;-;-;-;-;-;-;-;-;-;-;-;-;-;-;-;-;gervasi2020comparing
Huang(2020);https://link.springer.com/chapter/10.1007%2F978-3-030-50334-5_22;N;scoups3-2020;-;-;-;-;-;-;-;-;-;-;-;-;-;-;-;-;-;-;-;-;-;-;huang2020contextual
Huang(2019);https://link.springer.com/chapter/10.1007%2F978-3-030-25128-4_3;N;scoups3-2020;-;-;-;-;-;-;-;-;-;-;-;-;-;-;-;-;-;-;-;-;-;-;huang2019application
Lopez-Juarez(2016);https://ieeexplore.ieee.org/stamp/stamp.jsp?tp=&arnumber=7778517;Y;scopus3-2016;7;-;-;-;-;-;skill,capability;assembly, Peg-in-Hole insertion, welding;-;-;-;-;task;assembly;-;-;-;-;-;-;-;MACH;lopez2016skill
Huang(2016);https://ieeexplore.ieee.org/document/7759136;Y;scopus3-2016;7,8;-;X;-;-;-;skill;sewing;primitive;motion primitive;-;-;task;sewing;-;-;-;-;-;OpenCV;-;-;huang2016vision
Wantia(2016);https://ieeexplore.ieee.org/document/7733523;Y;scopus3-2016;7,8;-;X;STD;-;action block;action;MovePTP,ResetDigitalOut,MoveLin,SetDigitalOut,MoveLin;-;-;-;-;-;-;-;-;-;-;-;3D simulation, CAD;pose x,pose x1, velocity v,acc a,int o;HUM/MACH;wantia2016task
Zhang(2016);https://ieeexplore.ieee.org/document/7606936;Y;scopus3-2016;7,8;-;X;STD;-;action library;action;picking,moving,screwing,pushing,pressing;-;-;-;-;operation;pick-and-place operation, several gripper operation;-;-;-;-;-;RAPID,RobotStudio,ABB robotics;the element of Zernike moments, the elemnt of HOG;HUM;zhang2016industrial
Krueger(2016);https://ieeexplore.ieee.org/document/7440782;Y;scopus3-2016;7,8,9,10;X;X;STD;-;-;skill;picking,grasping,navigation,placing,inspection;primitive;motion,service;-;-;task;kitting;-;-;process;kitting;-;SkiRos,CAD;3-D coordinates;HUM;krueger2016vertical
Dai(2016);https://ieeexplore.ieee.org/document/7559116;Y;scopus3-2016;7,8,9;-;X;STD;-;-;skill;picking,placing, alignment,Push-Insertion,Drop-Insertion,Tilt-Insertion, Snap-fit,Screwing;robot function;compliant control function;-;-;task;assembly;-;-;-;-;-;ABB robot programming language RAPID;the approaching position, the desired motion direction, the maximum force, and optionally the desired motion distance.;-;dai2016robot
Jacobsson(2016);https://ieeexplore.ieee.org/document/7559114;Y;scopus3-2016;7,8;-;X;STD;class;rosetta:skill;skill;glueing, welding, riveting, screwing together;primitive(AtomocActions,SimpleActions);pressing force-controlled snapping, screwing nut;-;-;-;-;-;-;-;-;-;ABB RobotStudio,rosetta,OWL-S;-;-;jacobsson2016modularization
Anderson(2016);https://ieeexplore.ieee.org/stamp/stamp.jsp?tp=&arnumber=7559145;Y;scopus3-2016;-;-;X;STD;-;-;skill;pick,place,calibrate to station,navigate to location,inspect quality;Device primitives;Grasp,move robot PTP,move robot LIN,open gripper,drive,capture point cloud,detect distance;-;-;task;pick-and-place;-;-;-;-;-;-;velocity,object classes;HUM/MACH;andersen2016using
Orendt(2016);https://ieeexplore.ieee.org/document/7745110;N;scopus3-2016;-;-;-;-;-;-;-;-;-;-;-;-;-;-;-;-;-;-;-;-;-;-;orendt2016robot
Jientrakul(2016);https://ieeexplore.ieee.org/document/7605021;N;scopus3-2016;-;-;-;-;-;-;-;-;-;-;-;-;-;-;-;-;-;-;-;-;-;-;jientrakul2016minimizing
Tang(2016);https://ieeexplore.ieee.org/document/7576815;N;scopus3-2016;-;-;-;-;-;-;-;-;-;-;-;-;-;-;-;-;-;-;-;-;-;-;tang2016teach
Rozo(2016);https://ieeexplore.ieee.org/document/7450630;N;scopus3-2016;-;-;-;-;-;-;-;-;-;-;-;-;-;-;-;-;-;-;-;-;-;-;rozo2016learning
Hanai(2016);https://www.tandfonline.com/doi/abs/10.1080/01691864.2016.1156575?journalCode=tadr20;N;scopus3-2016;-;-;-;-;-;-;-;-;-;-;-;-;-;-;-;-;-;-;-;-;-;-;hanai2016modeling
Fischer(2016);https://ieeexplore.ieee.org/document/7451754;N;scopus3-2016;-;-;-;-;-;-;-;-;-;-;-;-;-;-;-;-;-;-;-;-;-;-;fischer2016comparison
Rovida(2016);https://www.worldscientific.com/doi/abs/10.1142/9789813149137_0022;N;scopus3-2016;-;-;-;-;-;-;-;-;-;-;-;-;-;-;-;-;-;-;-;-;-;-;rovida2017cyber
Bolmsjo(2016);https://link.springer.com/chapter/10.1007%2F978-3-319-41697-7_23;N;scopus3-2016;-;-;-;-;-;-;-;-;-;-;-;-;-;-;-;-;-;-;-;-;-;-;bolmsjo2016safety
Ceriani(2016);https://link.springer.com/chapter/10.1007%2F978-3-319-08338-4_93;N;scopus3-2016;-;-;-;-;-;-;-;-;-;-;-;-;-;-;-;-;-;-;-;-;-;-;ceriani2016collision
Pedersen(2014);https://ieeexplore.ieee.org/document/6943203;Y;scopus3-2014;7,8,9;X;X;STD;-;-;skill;pick up ,drive to,pick from,place at;-;-;-;-;task, sequence of skills;pick up,drive to,pick from,place on;-;-;-;-;X;ROS;distance D, 3d position q, normalized pointing vector d;HUM/MACH;pedersen2014intuitive
Stenmark(2014);https://www.sciencedirect.com/science/article/pii/S1474667016420768?via%3Dihub;Y;scopus3-2014;7,8;-;X;STD;-;-;skill;pick,place;primitive actions;search,locate,move,approach,open gripper,close gripper,move to grasp, move to place,retract;-;-;-;-;-;-;-;-;X;ROS;-;-;stenmark2014describing
Andersen(2014a);https://ieeexplore.ieee.org/document/6840115;Y;scopus3-2014;7,10;-;X;STD;-;-;skill;PickAndPlace;primitive actions;MotorPrimitive,PerceptionPrimitive,executePrimitive;-;-;task;-;-;-;-;-;-;-;Object, ObjectPoseEst and PlacePose.;-;andersen2014definition
Cheng(2014);https://ieeexplore.ieee.org/document/6931195;N;scopus3-2014;-;-;-;-;-;-;-;-;-;-;-;-;-;-;-;-;-;-;-;-;-;-;cheng2014learning
Abhaya(2014);https://ieeexplore.ieee.org/stamp/stamp.jsp?tp=&arnumber=6993188;N;scopus3-2014;-;-;-;-;-;-;-;-;-;-;-;-;-;-;-;-;-;-;-;-;-;-;abhaya2014intelligent
Verner(2014);https://ieeexplore.ieee.org/document/6926330;N;scopus3-2014;-;-;-;-;-;-;-;-;-;-;-;-;-;-;-;-;-;-;-;-;-;-;verner2014focusing
Ng(2014);https://ieeexplore.ieee.org/document/6907031;N;scopus3-2014;-;-;-;-;-;-;-;-;-;-;-;-;-;-;-;-;-;-;-;-;-;-;ng2014method
Chen(2014);https://ieeexplore.ieee.org/document/7090386;N;scopus3-2014;-;-;-;-;-;-;-;-;-;-;-;-;-;-;-;-;-;-;-;-;-;-;chen2014robot
Kober (2014;https://link.springer.com/chapter/10.1007%2F978-3-319-03194-1_1;N;scopus3-2014;-;-;-;-;-;-;-;-;-;-;-;-;-;-;-;-;-;-;-;-;-;-;kober2014learning
Klingbeil(2014);https://ieeexplore.ieee.org/document/6775438;N;scopus3-2014;-;-;-;-;-;-;-;-;-;-;-;-;-;-;-;-;-;-;-;-;-;-;klingbeil2014using
Verner(2014);https://ieeexplore.ieee.org/document/8542602;N;scopus3-2014;-;-;-;-;-;-;-;-;-;-;-;-;-;-;-;-;-;-;-;-;-;-;verner2014puzzling
Eich(2014);https://onlinelibrary.wiley.com/doi/10.1002/rob.21491;N;scopus3-2014;-;-;-;-;-;-;-;-;-;-;-;-;-;-;-;-;-;-;-;-;-;-;eich2014towards
Rovida(2018);https://ieeexplore.ieee.org/document/8594319;Y;scopus3-2018;8, 9;X;-;STD;-;-;Skill;Shake, push, check collision;Primitives, skill primitives;Motion primitive;Parametrized robotic skills;Picking or placing an object;Task;Insertion, assembly;-;-;Process;Planning;-;ROS;-;MACH;rovida2018motion
Topp(2018);https://ieeexplore.ieee.org/document/8593566;Y;scopus3-2018;9;X;X;STD;-;-;Parameterized Motion primitives;pick block, move, move to, open, close;Primitives;code;Parametrized skills;-;Task;Assembly;-;-;Process;Assembly processes;-;SkiROS, Rosseta ontology;-;-;topp2018ontology
Zeng(2018);https://www.emerald.com/insight/content/doi/10.1108/AA-02-2018-019/full/html;N;scopus3-2018;-;-;-;-;-;-;-;-;-;-;-;-;-;-;-;-;-;-;-;-;-;-;zeng2018robot
Babu(2018);https://dl.acm.org/doi/10.1145/3279810.3279849;N;scopus3-2018;-;-;-;-;-;-;-;-;-;-;-;-;-;-;-;-;-;-;-;-;-;-;babu2018multimodal
Bruno(2018);https://link.springer.com/article/10.1007/s00170-018-2400-4;Y;scopus3-2018;11;X;X;STD;-;-;Skill;-;-;-;-;-;Task;Tool retrieval, inserting clamp, welding, fixing support;-;-;Process;Welding;-;-;-;HUM;bruno2018dynamic
Schou(2018);https://www.sciencedirect.com/science/article/abs/pii/S0736584516301910;Y;scopus3-2018;7, 8, 10;X;-;STD;Skill Library;-;Skill;-;-;-;-;-;Task;peg-in-hole operations;-;-;Process;-;-;-;-;MACH;schou2018skill
Pearce(2018);https://ieeexplore.ieee.org/document/8278841;N;scopus3-2018;-;-;-;-;-;-;-;-;-;-;-;-;-;-;-;-;-;-;-;-;-;-;pearce2018optimizing
Wang(2018);https://ieeexplore.ieee.org/document/8263146;Y;scopus3-2018;-;X;X;STD;The Class Set;-;Skill;Push, take, place, screw, label;-;-;-;-;Task;Picking, assembly;-;-;Process;Assembly, testing, training;-;-;-;HUM/MACH;wang2018masd
Teixeira(2018);https://link.springer.com/article/10.1007%2Fs10846-017-0764-6;N;scopus3-2018;-;-;-;-;-;-;-;-;-;-;-;-;-;-;-;-;-;-;-;-;-;-;teixeira2018intelligent
Thomas(2018);https://ieeexplore.ieee.org/document/8460696;N;scopus3-2018;-;-;-;-;-;-;-;-;-;-;-;-;-;-;-;-;-;-;-;-;-;-;thomas2018learning
Hatori(2018);https://ieeexplore.ieee.org/document/8460699;N;scopus3-2018;-;-;-;-;-;-;-;-;-;-;-;-;-;-;-;-;-;-;-;-;-;-;hatori2018interactively
Chien(2018);https://www.sciencedirect.com/science/article/abs/pii/S107158191830096X?via%3Dihub;N;scopus3-2018;-;-;-;-;-;-;-;-;-;-;-;-;-;-;-;-;-;-;-;-;-;-;chien2018attention
Chowdhury(2018);https://ieeexplore.ieee.org/document/7856974;N;scopus3-2018;-;-;-;-;-;-;-;-;-;-;-;-;-;-;-;-;-;-;-;-;-;-;chowdhury2017local
Steinmetz(2018);https://ieeexplore.ieee.org/document/8269311;Y;scopus3-2018;7, 8, 10;X;X;STD;Base Class;-;Skill;Drilling, pick plate, place plate, hand, pick and place, peg in hole;Device primitives;Motion control;Parameterized skill;-;Task;-;Request;-;Process;-;-;RAZER;x;HUM/MACH;steinmetz2018razer
Salah(2018);https://ieeexplore.ieee.org/document/8397794;N;scopus3-2018;-;-;-;-;-;-;-;-;-;-;-;-;-;-;-;-;-;-;-;-;-;-;salah2018hybrid
Abujelala(2018);https://dl.acm.org/doi/10.1145/3197768.3203171;Y;scopus3-2018;-;X;-;STD;-;-;Skill;-;-;-;-;-;-;-;Request;-;-;-;-;-;-;-;abujelala2018collaborative
Wei(2018);https://ieeexplore.ieee.org/document/8394295;N;scopus3-2018;-;-;-;-;-;-;-;-;-;-;-;-;-;-;-;-;-;-;-;-;-;-;wei2018research
Lopez-Juarez(2018);https://ieeexplore.ieee.org/document/8390472;Y;scopus3-2018;8, 9;X;-;STD;-;-;Skill;Grasping irregular objects, gripping;-;-;-;-;Task;-;-;-;-;-;-;Motive;-;MACH;lopez2018grounding
Michael(2018);https://ieeexplore.ieee.org/document/8342650;Y;scopus3-2018;7, 8;X;-;STD;-;-;Skill;-;-;-;-;-;-;-;-;-;-;-;-;ABB robot controller software;-;MACH;michael2017design
Huang(2018);https://ieeexplore.ieee.org/document/8113497;N;scopus3-2018;-;-;-;-;-;-;-;-;-;-;-;-;-;-;-;-;-;-;-;-;-;-;huang2017multirobot
No author available(2018);-;N;scopus3-2018;-;-;-;-;-;-;-;-;-;-;-;-;-;-;-;-;-;-;-;-;-;-;-
D'Haro(2018);https://ieeexplore.ieee.org/document/8282005;Y;scopus3-2018;8;X;-;STD;-;-;Skill;-;-;-;-;-;Task;-;Request;-;-;-;-;ROS;-;HUM/MACH;dharo2017integrated
Castellanos(2018);https://ieeexplore.ieee.org/document/8285207;N;scopus3-2018;-;-;-;-;-;-;-;-;-;-;-;-;-;-;-;-;-;-;-;-;-;-;castellanos2017using
Bitonneau(2018);https://ieeexplore.ieee.org/document/8279363;N;scopus3-2018;-;-;-;-;-;-;-;-;-;-;-;-;-;-;-;-;-;-;-;-;-;-;bitonneau2017design
Rasheed(2018);https://ieeexplore.ieee.org/document/8277629;N;scopus3-2018;-;-;-;-;-;-;-;-;-;-;-;-;-;-;-;-;-;-;-;-;-;-;rasheed2017feature
Gluck(2018);https://www.scitepress.org/Link.aspx?doi=10.5220/0006884806050612;N;scopus3-2018;-;-;-;-;-;-;-;-;-;-;-;-;-;-;-;-;-;-;-;-;-;-;gluck2018towards
Verner(2018);https://link.springer.com/chapter/10.1007%2F978-3-319-64352-6_34;N;scopus3-2018;-;-;-;-;-;-;-;-;-;-;-;-;-;-;-;-;-;-;-;-;-;-;verner2018spatial
Cramer(2018);https://www.sciencedirect.com/science/article/pii/S2212827118312502?via%3Dihub;N;scopus3-2018;-;-;-;-;-;-;-;-;-;-;-;-;-;-;-;-;-;-;-;-;-;-;cramer2018towards
Liu(2018);https://www.scopus.com/record/display.uri?eid=2-s2.0-85058969621&origin=resultslist&sort=plf-f&src=s&sid=bf2844c78b5c2a36e0f007b95f34bad9&sot=a&sdt=a&cluster=scopubyr%2c%222018%22%2ct&sl=79&s=TITLE-ABS-KEY+%28+robot+w%2f15+skill+AND+%28+industrial+OR+manufacturing+%29+AND+task+%29&relpos=29&citeCnt=0&searchTerm=;N;scopus3-2018;-;-;-;-;-;-;-;-;-;-;-;-;-;-;-;-;-;-;-;-;-;-;liu2018user
Negrete(2018);http://proceedings.spiiras.nw.ru/ojs/index.php/sp/article/view/3932;N;scopus3-2018;-;-;-;-;-;-;-;-;-;-;-;-;-;-;-;-;-;-;-;-;-;-;-
De Gea Fernandez(2018);https://ebooks.iospress.nl/publication/50428;N;scopus3-2018;-;-;-;-;-;-;-;-;-;-;-;-;-;-;-;-;-;-;-;-;-;-;degeafernandez2018hybr
Hertle(2018);https://link.springer.com/chapter/10.1007%2F978-3-030-00111-7_8;N;scopus3-2018;-;-;-;-;-;-;-;-;-;-;-;-;-;-;-;-;-;-;-;-;-;-;hertle2018efficient
Cesta(2018);https://www.sciencedirect.com/science/article/pii/S2212827118301215?via%3Dihub;Y;scopus3-2018;7, 8, 11;X;-;STD;-;-;Skill;-;-;-;-;-;Task;-;-;-;-;-;-;-;-;HUM/MACH;cesta2018fostering
Seo(2018);https://link.springer.com/article/10.1007%2Fs12369-017-0441-8;N;scopus3-2018;-;-;-;-;-;-;-;-;-;-;-;-;-;-;-;-;-;-;-;-;-;-;seo2018investigating
Liu(2017);https://ieeexplore.ieee.org/document/8228384;N;scopus3-2017;-;-;-;-;-;-;-;-;-;-;-;-;-;-;-;-;-;-;-;-;-;-;liu2017dynamic
Matsunaga(2017);https://ieeexplore.ieee.org/document/8216487;N;scopus3-2017;-;-;-;-;-;-;Robotic function;motion scaling, hand shaking correction;-;-;-;-;Task;Surgical tasks;-;-;-;-;-;-;-;-;matsunaga2017motion
Yahya(2017);https://ieeexplore.ieee.org/document/8202141;Y;scopus3-2017;-;-;-;STD;-;-;Skill;Motion skills, robotic motor skills, door opening skill;Primitives;-;-;-;Task;-;-;-;Process;Learning process, training process;-;-;-;-;yahya2017collective
Kharidege(2017);https://link.springer.com/article/10.1007%2Fs00170-017-0726-y;Y;scopus3-2017;8;X;-;STD;-;-;Skill;-;-;-;-;-;Task;Burr removal;-;-;Process;Manual operation, polishing, robot calibration;-;RoboGuide, Abaques 6.10;X;HUM;kharidege2017practical
Mueller(2017);https://saemobilus.sae.org/content/2017-01-2096/;N;scopus3-2017;-;-;-;-;-;-;-;-;-;-;-;-;-;-;-;-;-;-;-;-;-;-;mueller2017improving
Ersen(2017);https://ieeexplore.ieee.org/document/7894169;Y;scopus3-2017;6, 8 ;-;-;STD;-;-;Skill;Cognitive, manipulation, knowledge-processing skills;Primitives;Behavior primitives, pushing, grasping, movement primitives;-;-;Task;Manipulation tasks;Request;-;Process;Robot cognition;X;ROS;-;-;ersen2017cognition
Jha(2017);https://link.springer.com/article/10.1007%2Fs40430-016-0662-z;Y;scopus3-2017;11;X;-;AUT;-;-;Skill;Robot motion, spray painting, arc welding;-;-;-;-;Task;-;-;-;Process;Mapping process, imitation process;X;Kinect-based human motion capture system (HMCS), Matlab;X;HUM;jha2017kinematics
Delhaisse(2017);https://ieeexplore.ieee.org/document/7966379;Y;scopus3-2017;-;-;-;STD;-;-;Skill;Bimanual skills;Primitives;Motion primitives;Parametrized policies;-;Task;Complex manipulation tasks, executing task from human;-;-;Process;Gaussian process, training process, optimization process;-;-;-;-;delhaisse2017transfer
Rovida(2017);https://link.springer.com/chapter/10.1007%2F978-3-319-54927-9_4;Y;scopus3-2017;7, 8;X;-;AUT;Skill set;-;Skill;Drive, pick, place;Primitives;Sequential or parallel, locate, object registration, arm motion, registration, gripper ctrl, learning primitives, object train, grasping, placing, driving pose learn;Parametrized skills;-;Task, sequence of skills, skill set;Kitting task;Request;Execution;Process;Sequencing the skills automaticaly using task planner, research process, development process;X;SkiROS;X;HUM/MACH;rovida2017skiros
Ng(2017);https://ieeexplore.ieee.org/document/7273980;N;scopus3-2017;-;-;-;-;-;-;-;-;-;-;-;-;-;-;-;-;-;-;-;-;-;-;ng2015programming
Stenmark(2017a);https://dl.acm.org/doi/pdf/10.1145/2909824.3020227;Y;scopus3-2017;10;X;-;STD;-;-;Skills, Parameterized motion primitives;Pick-and-place;Primitives;Manipulation, dynamic movemement;Parameterized Primitives / Motions;Gift-wrapping application;Task;Building;Request;-;Process;Programming, wrapping, execution;-;-;-;-;stenmark2017simplified
Mohammed(2017);https://dl.acm.org/doi/10.1145/3029798.3034823;N;scopus3-2017;-;-;-;-;-;-;-;-;-;-;-;-;-;-;-;-;-;-;-;-;-;-;mohammed2017acquiring
Lin(2017);https://ieeexplore.ieee.org/document/7810316 ;N;scopus3-2017;-;-;-;-;-;-;-;-;-;-;-;-;-;-;-;-;-;-;-;-;-;-;lin2016robot
Johannsmeier(2017);https://ieeexplore.ieee.org/document/7421993;Y;scopus3-2017;3;X;X;STD;-;-;Skill;Pick-up, assemble, hand-over, collision handling;-;-;-;-;Task;-;Request;Performing specific action to an agent, request for an interaction, replanning request;Process;Assembly process, control process, generation process of assembly plans;X;-;-;-;johannsmeier2016hierarchical
Stenmark(2017b);https://www.aaai.org/ocs/index.php/FSS/FSS17/paper/viewFile/16021/15290;Y;scopus3-2017;-;X;-;STD;-;-;Motion primitive, skill;-;Primitives;Motion types, gripper actions, synchronization point, synchronized motions, native code;Parametrized skills;-;Task;Insert lid on ;-;-;Process;Assembly, programming;-;-;-;-;stenmark2017knowledge
Crosby(2017);https://www.aaai.org/ocs/index.php/ICAPS/ICAPS17/paper/viewFile/15715/15138;Y;scopus3-2017;7, 8;X;-;STD;-;-;Skill, Re-occuring actions;Drive and pick, Drive skill;Primitives;Motion primitives;-;-;Task;-;Request;-;Process;Task-planning, translation process;-;ROS, SkiROS (Skills-ROS);-;-;crosby2017integrating
Andersen(2017);https://www.sciencedirect.com/science/article/pii/S2351978917304171?via%3Dihub;Y;scopus3-2017;7, 8;X;-;STD;-;-;Skill, Parameterisable action;Listening skill, Call skill, Drive To skill, Pick up object, Place object;Primitives;Device primitives;-;-;Task;Replacing the tray assembly module and camera calibration;-;-;Process;Part-feeding process;X;ROS;-;-;andersen2017integration
Koch(2017);https://www.sciencedirect.com/science/article/pii/S2351978917303451?via%3Dihub;N;scopus3-2017;-;-;-;-;-;-;-;-;-;-;-;-;-;-;-;-;-;-;-;-;-;-;koch2017skill
Basso(2017);https://www.sciencedirect.com/science/article/pii/S2351978917303268?via%3Dihub;N;scopus3-2017;-;-;-;-;-;-;-;-;-;-;-;-;-;-;-;-;-;-;-;-;-;-;basso2017towards
Nagy(2017);https://link.springer.com/chapter/10.1007%2F978-3-319-57351-9_43;N;scopus3-2017;-;-;-;-;-;-;-;-;-;-;-;-;-;-;-;-;-;-;-;-;-;-;nagy2017active
Nagata(2017);https://link.springer.com/chapter/10.1007%2F978-3-319-31293-4_46;N;scopus3-2017;-;-;-;-;-;-;-;-;-;-;-;-;-;-;-;-;-;-;-;-;-;-;nagata2017porting
Gu(2015);https://ieeexplore.ieee.org/document/7353476;N;scopus3-2015;-;-;-;-;-;-;-;-;-;-;-;-;-;-;-;-;-;-;-;-;-;-;gu2015fine
Ceriani(2015);https://ieeexplore.ieee.org/document/7102768;Y;scopus3-2015;2, 6;X;-;STD;-;-;Skill, single action;Peg-in-hole;-;-;-;-;Task;Posture control;-;-;-;-;-;-;-;-;ceriani2015reactive
Pedersen(2015);https://link.springer.com/article/10.1007%2Fs10846-015-0219-x;N;scopus3-2015;-;-;-;-;-;-;-;-;-;-;-;-;-;-;-;-;-;-;-;-;-;-;pedersen2015gesture
Verner(2015);https://ieeexplore.ieee.org/document/7318216;N;scopus3-2015;-;-;-;-;-;-;-;-;-;-;-;-;-;-;-;-;-;-;-;-;-;-;verner2015reorganizing
Foit(2015);https://iopscience.iop.org/article/10.1088/1757-899X/95/1/012107;N;scopus3-2015;-;-;-;-;-;-;-;-;-;-;-;-;-;-;-;-;-;-;-;-;-;-;foit2015modelling
Jha(2015);https://dl.acm.org/doi/pdf/10.1145/2783449.2783464;N;scopus3-2015;-;-;-;-;-;-;-;-;-;-;-;-;-;-;-;-;-;-;-;-;-;-;jha2015application
Rovida(2015);https://ieeexplore.ieee.org/document/7125585;Y;scopus3-2015;8;X;X;STD;-;-;Skills, re-occuring actions;Pick and place;Primitives;Motion primitives;-;-;Task, sequence of skills;-;Request;-;Process;Programming;X;ROS, SkiROS;-;-;rovida2015design
Andersen(2015);https://ieeexplore.ieee.org/document/7125587;Y;scopus3-2015;-;-;-;-;-;-;-;-;-;-;-;-;-;-;-;-;-;-;-;-;-;-;andersen2015intuitive
Rukshan(2015);https://ieeexplore.ieee.org/document/7112340;N;scopus3-2015;-;-;-;-;-;-;-;-;-;-;-;-;-;-;-;-;-;-;-;-;-;-;rukshan2015design
Wang(2015);https://ieeexplore.ieee.org/document/7060735;N;scopus3-2015;-;-;-;-;-;-;-;-;-;-;-;-;-;-;-;-;-;-;-;-;-;-;wang2015real
Navarro-Gonzales(2015);https://www.sciencedirect.com/science/article/abs/pii/S073658451400074X?via%3Dihub;N;scopus3-2015;-;-;-;-;-;-;-;-;-;-;-;-;-;-;-;-;-;-;-;-;-;-;navarro2015line
Stenmark(2015b);http://ceur-ws.org/Vol-1540/paper_05.pdf;Y;scopus3-2015;6;X;-;STD;-;-;Skill;Pick, move to fix, pick, switch, retract, snapFitSkill;Primitive actions, primitives;-;Parametrized Skills;Specifying controller, reference frames, velocity values;Task;Localize and pick task;-;-;Process;-;-;-;-;-;stenmark2015connecting
Markowitz (2015);-;N;scopus3-2015;-;-;-;-;-;-;-;-;-;-;-;-;-;-;-;-;-;-;-;-;-;-;-
Scuturici(2015);https://link.springer.com/chapter/10.1007/978-3-319-23201-0_5;N;scopus3-2015;-;-;-;-;-;-;-;-;-;-;-;-;-;-;-;-;-;-;-;-;-;-;scuturici2015continuous
Verner(2015);https://www.researchgate.net/profile/Igor-Verner/publication/282155281_Robotics_Laboratory_Classes_for_Spatial_Training_of_Novice_Engineering_Students/links/5605613b08ae8e08c08c014e/Robotics-Laboratory-Classes-for-Spatial-Training-of-Novice-Engineering-Students.pdf;N;scopus3-2015;-;-;-;-;-;-;-;-;-;-;-;-;-;-;-;-;-;-;-;-;-;-;verner2015robotics
Ramos(2014);https://ieeexplore.ieee.org/document/7024290;N;scopus3-2015;-;-;-;-;-;-;-;-;-;-;-;-;-;-;-;-;-;-;-;-;-;-;ramos2014exploring
